Description,Amount,Price,Image URL,Category
"Ready, Set… Cook! Marinated Whole RSPCA Approved Chicken",1kg,$5.99,https://www.aldi.com.au/fileadmin/_processed_/3/a/csm_1002781_REDUCTIONS_R44_OCT28_17_8a_RET_00c1e47276.jpg,"Poultry, Meat & Seafood"
"Ready, Set… Cook! Thin Sausages",500g,$3.69,https://www.aldi.com.au/fileadmin/_processed_/c/0/csm_1002781_REDUCTIONS_R43_OCT11_9_3a_RET_4b19c5bdc1.jpg,"Poultry, Meat & Seafood"
"Ready, Set… Cook! Pork Sausages",500g,$3.69,https://www.aldi.com.au/fileadmin/_processed_/1/4/csm_1002781_REDUCTIONS_R43_OCT11_11_4a_RET_4344aed24e.jpg,"Poultry, Meat & Seafood"
"Ready, Set… Cook! Beef Sausages Honey Flavour",500g,$3.69,https://www.aldi.com.au/fileadmin/_processed_/2/9/csm_1002781_REDUCTIONS_R43_OCT11_13_5a_RET_5783684440.jpg,"Poultry, Meat & Seafood"
Jindurra Station Beef Sizzle Steak,1kg,$22.99,https://www.aldi.com.au/fileadmin/_processed_/b/9/csm_1002781_REDUCTIONS_R41_SEP24_20_1a_RET_94327dbd1e.jpg,"Poultry, Meat & Seafood"
Ironbark Pork Pork Mince,500g,$4.29,https://www.aldi.com.au/fileadmin/_processed_/f/1/csm_1002781_REDUCTIONS_R40_SEP19_1_1a_RET_538bcc595f.jpg,"Poultry, Meat & Seafood"
Ironbark Pork Pork Loin Roast,1kg,$12.49,https://www.aldi.com.au/fileadmin/_processed_/0/9/csm_1002781_REDUCTIONS_R40_SEP19_3_2a_RET_c7745fccba.jpg,"Poultry, Meat & Seafood"
Willowton Free Range Chicken Drumsticks,1kg,$4.99,https://www.aldi.com.au/fileadmin/_processed_/0/2/csm_1002781_REDUCTIONS_R39_SEP11_1_1a_RET_ccf2b0c2d9.jpg,"Poultry, Meat & Seafood"
"Ready, Set…Cook! Chicken Burgers 1.",2kg,$9.99,https://www.aldi.com.au/fileadmin/_processed_/b/e/csm_1002781_REDUCTIONS_R37_SEP02_16_1x1_9a_RET_cf4b95d75d.jpg,"Poultry, Meat & Seafood"
Killarnee Lamb Loin Chops,1kg,$19.99,https://www.aldi.com.au/fileadmin/_processed_/a/0/csm_1002781_REDUCTIONS_R37_SEP02_20_1x1_11a_RET_67fab77170.jpg,"Poultry, Meat & Seafood"
Premiere Fruit Swirl Blueberry Yogurt,700g,$4.99,https://www.aldi.com.au/fileadmin/_processed_/3/2/csm_1002781_REDUCTIONS_R45_NOV11_1_1a_RET_a33bc2324c.jpg,"Dairy, Eggs & Fridge"
Premiere Fruit Swirl Mango Blood Orange Yogurt,700g,$4.99,https://www.aldi.com.au/fileadmin/_processed_/c/b/csm_1002781_REDUCTIONS_R45_NOV11_7_2a_RET_40a25e8a64.jpg,Fruit & Veg
Lyttos Greek Style Yogurt Natural,1kg,$3.79,https://www.aldi.com.au/fileadmin/_processed_/f/4/csm_1002781_REDUCTIONS_R40_SEP19_7_4a_RET_0c9582f75f.jpg,"Dairy, Eggs & Fridge"
Lyttos Greek Style Yogurt Light,1kg,$3.79,https://www.aldi.com.au/fileadmin/_processed_/7/1/csm_1002781_REDUCTIONS_R40_SEP19_13_7a_RET_d12c151fca.jpg,"Dairy, Eggs & Fridge"
Inner Goodness Original Almond Milk,1L,$1.79,https://www.aldi.com.au/fileadmin/_processed_/3/9/csm_1002781_REDUCTIONS_R39_SEP11_8_4a_RET_898264ed74.jpg,"Dairy, Eggs & Fridge"
Sunny Vale Table Spread,1kg,$2.59,https://www.aldi.com.au/fileadmin/_processed_/e/b/csm_1002781_REDUCTIONS_R39_SEP11_9_5a_RET_f1466c6532.jpg,Miscellaneous
Westacre Dairy Light Wrapped Cheese Slices,432g,$3.59,https://www.aldi.com.au/fileadmin/_processed_/9/4/csm_1002781_REDUCTIONS_R37_SEP02_03_1x1_3a_RET_cf1ac9efba.jpg,Deli & Chilled Meals
Westacre Dairy Wrapped Cheese Slices,432g,$3.59,https://www.aldi.com.au/fileadmin/_processed_/3/8/csm_1002781_REDUCTIONS_R37_SEP02_05_1x1_4a_RET_17d6004dda.jpg,Deli & Chilled Meals
Inner Goodness Unsweetened Almond Milk,1L,$1.79,https://www.aldi.com.au/fileadmin/_processed_/b/a/csm_1002781_REDUCTIONS_R37_SEP02_18_1x1_10a_RET_88a7679840.jpg,"Dairy, Eggs & Fridge"
Emporium Selection Camembert Cheese,125g,$2.49,https://www.aldi.com.au/fileadmin/_processed_/8/4/csm_1002153_REDUCTIONS_R58_1x1_228x128_4_RET_24ea9b6810.png,"Dairy, Eggs & Fridge"
Emporium Selection Brie Cheese,125g,$2.49,https://www.aldi.com.au/fileadmin/_processed_/5/b/csm_1002153_REDUCTIONS_R58_1x1_228x128_3_RET_9f06774157.png,"Dairy, Eggs & Fridge"
Brooklea Chocolate Flavoured Custard Pouch,70g,$1.49,https://www.aldi.com.au/fileadmin/_processed_/4/f/csm_1002781_REDUCTIONS_R01_1x1_228x128_1_RET_f721065dea.png,"Dairy, Eggs & Fridge"
Brooklea Vanilla Flavoured Custard Pouch,70g,$1.49,https://www.aldi.com.au/fileadmin/_processed_/6/a/csm_1002781_REDUCTIONS_R01_1x1_228x128_2_RET_1633a35b3f.png,"Dairy, Eggs & Fridge"
Brooklea Blueberry Yogurt No Added Sugar,110g,$1.29,https://www.aldi.com.au/fileadmin/_processed_/2/2/csm_1002781_REDUCTIONS_R08_1x1_228x128_2_RET_710de7af44.png,"Dairy, Eggs & Fridge"
Brooklea Raspberry Yogurt No Added Sugar,110g,$1.29,https://www.aldi.com.au/fileadmin/_processed_/e/8/csm_1002781_REDUCTIONS_R08_1x1_228x128_3_RET_f4203b0fe0.png,"Dairy, Eggs & Fridge"
Brooklea Strawberry Yogurt No Added Sugar,110g,$1.29,https://www.aldi.com.au/fileadmin/_processed_/4/f/csm_1002781_REDUCTIONS_R08_1x1_228x128_4_RET_372f0c6e85.png,"Dairy, Eggs & Fridge"
Brooklea Vanilla Yogurt No Added Sugar,110g,$1.29,https://www.aldi.com.au/fileadmin/_processed_/d/0/csm_1002781_REDUCTIONS_R08_1x1_228x128_5_RET_6edf646473.png,"Dairy, Eggs & Fridge"
Inner Goodness Unsweetened Almond Milk Organic,1L,$2.29,https://www.aldi.com.au/fileadmin/_processed_/a/9/csm_1002781_REDUCTIONS_R13_1x1_228x128_1_RET_1938099c1b.png,"Dairy, Eggs & Fridge"
Westacre Dairy Tasty Shredded Cheese,700g,$8.99,https://www.aldi.com.au/fileadmin/_processed_/a/6/csm_1002781_REDUCTIONS_R13_1x1_228x128_2_RET_bdbd97c7b3.png,"Dairy, Eggs & Fridge"
Westacre Dairy Light Tasty Shredded Cheese,500g,$6.49,https://www.aldi.com.au/fileadmin/_processed_/9/5/csm_1002781_REDUCTIONS_R15_04_1x1_709193a_RET_84e184d90a.jpg,"Dairy, Eggs & Fridge"
Deli Originals Fresh Garlic Dip,200g,$2.29,https://www.aldi.com.au/fileadmin/_processed_/c/9/csm_1002781_REDUCTIONS_R46_7_2a_RET_cfcc33ba42.jpg,Fruit & Veg
World Kitchen 9 Slice Garlic Bread,270g,$2.99,https://www.aldi.com.au/fileadmin/_processed_/1/c/csm_1002781_REDUCTIONS_R37_SEP02_07_1x1_5a_RET_e6148e388e.jpg,Fruit & Veg
Remano Potato Gnocchi,500g,$2.99,https://www.aldi.com.au/fileadmin/_processed_/3/e/csm_1002781_REDUCTIONS_R12_1x1_228x128_7_RET_3614e62e2f.png,Pantry
World Kitchen Fresh Quiche,200g,$3.99,https://www.aldi.com.au/fileadmin/_processed_/f/1/csm_1002781_REDUCTIONS_R13_1x1_228x128_8_RET_fb6ee8dd05.png,Deli & Chilled Meals
Deli Originals Fresh Mediterranean Style Dip,200g,$2.69,https://www.aldi.com.au/fileadmin/_processed_/0/1/csm_1002781_REDUCTIONS_R19_01_1x1_700474a_RET_2043ea7bef.jpg,Miscellaneous
"Market Fare Peas, Carrots & Corn",1kg,$3.59,https://www.aldi.com.au/fileadmin/_processed_/7/5/csm_1002781_REDUCTIONS_R40_SEP19_11_6a_RET_445f2574dd.jpg,Fruit & Veg
Market Fare Garden Peas,1kg,$2.49,https://www.aldi.com.au/fileadmin/_processed_/f/a/csm_1002781_REDUCTIONS_R40_SEP19_5_3a_RET_bc024c27b4.jpg,Fruit & Veg
International Cuisine Beef Lasagne,2kg,$11.49,https://www.aldi.com.au/fileadmin/_processed_/1/9/csm_1002781_REDUCTIONS_R28_22_1x1_8a_RET_9d9dd4a0be.jpg,"Poultry, Meat & Seafood"
Ocean Royale Wild Raw Peeled Prawns,500g,$12.99,https://www.aldi.com.au/fileadmin/_processed_/1/1/csm_1002153_REDUCTIONS_R42_1x1_228x128_1_RET_9a7ec73617.png,"Poultry, Meat & Seafood"
Season's Pride Café Series Crinkle Steak Cut Fries,600g,$2.99,https://www.aldi.com.au/fileadmin/_processed_/8/4/csm_1002781_REDUCTIONS_R25_01_1x1_1a_RET_b1dec51829.jpg,"Poultry, Meat & Seafood"
Farmwood Chicken Breast Tenders,1kg,$8.99,https://www.aldi.com.au/fileadmin/_processed_/e/9/csm_1002781_REDUCTIONS_R22_05_1x1_3a_RET_68131796d4.jpg,"Poultry, Meat & Seafood"
Health & Vitality Chicken & Cashew or Chicken Carbonara,280g/300g,$4.49,https://www.aldi.com.au/fileadmin/_processed_/2/c/csm_1002781_REDUCTIONS_R04_1x1_228x128_1_RET_821e5115c1.png,"Poultry, Meat & Seafood"
Health & Vitality Shepherd’s Pie or Tuna Mornay,400g,$4.49,https://www.aldi.com.au/fileadmin/_processed_/d/8/csm_1003400-6_Q3-WEB-AUDIT__REDUCTIONS__01_1x1_1a_RET_9b38c7b219.jpg,"Poultry, Meat & Seafood"
Health & Vitality Chicken Risotto or Chicken Pasta,350g/370g,$4.49,https://www.aldi.com.au/fileadmin/_processed_/4/f/csm_1002781_REDUCTIONS_R04_1x1_228x128_3_RET_3724070a40.png,"Poultry, Meat & Seafood"
Health & Vitality Beef Stroganoff or Lamb Hot Pot,280g/290g,$4.49,https://www.aldi.com.au/fileadmin/_processed_/5/5/csm_1002781_REDUCTIONS_R04_1x1_228x128_4_RET_97b4b20669.png,"Poultry, Meat & Seafood"
Monarc Utopia Vanilla,4pk/428ml,$4.69,https://www.aldi.com.au/fileadmin/_processed_/6/1/csm_1002781_REDUCTIONS_R18_01_1x1_1_RET_61c4b382cf.jpg,Freezer
Monarc Utopia Almond,4pk/428ml,$4.69,https://www.aldi.com.au/fileadmin/_processed_/b/c/csm_1002781_REDUCTIONS_R18_03_1x1_2_RET_e796dd601e.jpg,Freezer
Monarc Utopia Mint or Salted Caramel,4pk/428ml,$4.69,https://www.aldi.com.au/fileadmin/_processed_/4/5/csm_1002781_REDUCTIONS_R18_05_1x1_3_RET_3eefa1f55b.jpg,Pantry
Chefs' Cupboard Sauce Mixes,29g,99c,https://www.aldi.com.au/fileadmin/_processed_/f/b/csm_1002781_REDUCTIONS_R46_1_1a_RET_78620cba44.jpg,Pantry
Bramwells Peanut Butter Smooth,500g,$3.19,https://www.aldi.com.au/fileadmin/_processed_/c/8/csm_1002781_REDUCTIONS_R45_NOV11_25_5a_RET_503ecbd37b.jpg,"Dairy, Eggs & Fridge"
Bramwells Peanut Butter Crunchy,500g,$3.19,https://www.aldi.com.au/fileadmin/_processed_/c/f/csm_1002781_REDUCTIONS_R45_NOV11_31_6a_RET_f2aec97804.jpg,"Dairy, Eggs & Fridge"
Maltesers,140g,$4.19,https://www.aldi.com.au/fileadmin/_processed_/6/0/csm_1002781_REDUCTIONS_R44_OCT28_5_3a_RET_e04d2f358d.jpg,Snacks & Confectionery
M&M's Peanut,180g,$4.19,https://www.aldi.com.au/fileadmin/_processed_/9/4/csm_1002781_REDUCTIONS_R44_OCT28_7_4a_RET_756d706fe2.jpg,Snacks & Confectionery
Red Bull Energy Drink,250ml,$2.69,https://www.aldi.com.au/fileadmin/_processed_/0/0/csm_1002781_REDUCTIONS_R44_OCT28_15_7a_RET_2657405d2e.jpg,Pantry
Urban Eats Wok Ready Noodles,400g,$1.49,https://www.aldi.com.au/fileadmin/_processed_/1/f/csm_1002781_REDUCTIONS_R42_OCT3_1_1a_RET_ca6f743e7d.jpg,International Foods
Portview Tuna Chunks,425g,$3.29,https://www.aldi.com.au/fileadmin/_processed_/c/1/csm_1002781_REDUCTIONS_R42_OCT3_13_3a_RET_20b01ffc46.jpg,"Poultry, Meat & Seafood"
Oh So Natural! Organic Kalamata Olives,350g,$2.99,https://www.aldi.com.au/fileadmin/_processed_/b/b/csm_1002781_REDUCTIONS_R42_OCT3_25_5a_RET_5df8adfa8d.jpg,Fruit & Veg
Deli Originals Greek Style Dolmades,280g,$3.19,https://www.aldi.com.au/fileadmin/_processed_/7/3/csm_1002781_REDUCTIONS_R42_OCT3_31_6a_RET_9c10d86f4c.jpg,International Foods
Remano Specialty Vinegars,500ml,$2.39,https://www.aldi.com.au/fileadmin/_processed_/7/2/csm_1002781_REDUCTIONS_R41_SEP24_1_2a_RET_580c12ec63.jpg,Pantry
Chef's Cupboard Stock Cubes,,$1.89,https://www.aldi.com.au/fileadmin/_processed_/4/2/csm_1002781_REDUCTIONS_R41_SEP24_5_3a_RET_235bb76821.jpg,"Poultry, Meat & Seafood"
Hillcrest Honey Nut Corn Flakes or Honey Wheats,670g,$4.69,https://www.aldi.com.au/fileadmin/_processed_/a/1/csm_1002781_REDUCTIONS_R39_SEP11_5_3a_RET_eacf04d6d8.jpg,Pantry
Belmont Biscuit Co. Hundreds & Thousands,200g,$1.89,https://www.aldi.com.au/fileadmin/_processed_/3/8/csm_1002781_REDUCTIONS_R37_SEP02_01_1x1_2a_RET_083010fe64.jpg,Snacks & Confectionery
Brookdale Ice Cream Topping,605g-625g,$1.89,https://www.aldi.com.au/fileadmin/_processed_/6/2/csm_1002781_REDUCTIONS_R36_AUG20_09_1x1_5a_RET_7175307a95.jpg,"Dairy, Eggs & Fridge"
Goldenvale Oats Sensations,10pk/350g,$2.39,https://www.aldi.com.au/fileadmin/_processed_/3/8/csm_1002781_REDUCTIONS_R36_AUG20_13_1x1_6a_RET_26b012f08c.jpg,Pantry
Expressi Tauro,,$6.79,https://www.aldi.com.au/fileadmin/_processed_/a/7/csm_1002781_REDUCTIONS_R29_JUL17_01_1x1_1a_RET_7e81408c4c.jpg,Pantry
Expressi Calabrese,,$6.79,https://www.aldi.com.au/fileadmin/_processed_/6/7/csm_1002781_REDUCTIONS_R29_JUL17_03_1x1_2a_RET_e5d091e465.jpg,Pantry
Expressi Valletta,,$6.79,https://www.aldi.com.au/fileadmin/_processed_/f/3/csm_1002781_REDUCTIONS_R29_JUL17_05_1x1_3a_RET_a9012a0af0.jpg,Pantry
Expressi Renzo,,$6.79,https://www.aldi.com.au/fileadmin/_processed_/b/8/csm_1002781_REDUCTIONS_R29_JUL17_07_1x1_4a_RET_322653e69f.jpg,Pantry
Expressi Reggio,,$6.79,https://www.aldi.com.au/fileadmin/_processed_/3/b/csm_1002781_REDUCTIONS_R29_JUL17_09_1x1_5a_RET_7a1ce27b10.jpg,Pantry
Expressi Milano,,$6.79,https://www.aldi.com.au/fileadmin/_processed_/6/e/csm_1002781_REDUCTIONS_R29_JUL17_11_1x1_6a_RET_8a00adcb3c.jpg,Pantry
Expressi Torino,,$6.79,https://www.aldi.com.au/fileadmin/_processed_/a/4/csm_1002781_REDUCTIONS_R29_JUL17_13_1x1_7a_RET_d7c9b15cc0.jpg,Pantry
Expressi Abruzzo,,$6.79,https://www.aldi.com.au/fileadmin/_processed_/a/3/csm_1002781_REDUCTIONS_R29_JUL17_15_1x1_8a_RET_334c19b407.jpg,Pantry
Expressi Decaffi,,$6.79,https://www.aldi.com.au/fileadmin/_processed_/6/8/csm_1002781_REDUCTIONS_R29_JUL17_17_1x1_9a_RET_84fca18832.jpg,Pantry
Expressi Rich Hot Chocolate,,$6.79,https://www.aldi.com.au/fileadmin/_processed_/9/d/csm_1002781_REDUCTIONS_R29_JUL17_19_1x1_10a_RET_82193e2f1e.jpg,Pantry
Expressi Organic,,$6.79,https://www.aldi.com.au/fileadmin/_processed_/f/4/csm_1002781_REDUCTIONS_R29_JUL17_21_1x1_11a_RET_c0db485ef5.jpg,Pantry
Expressi Intenzo,,$6.79,https://www.aldi.com.au/fileadmin/_processed_/3/b/csm_1002781_REDUCTIONS_R29_JUL17_23_1x1_12a_RET_bbd2308561.jpg,Pantry
Vittoria Expressi Compatible Mountain Grown Coffee Capsules,10pk,$4.19,https://www.aldi.com.au/fileadmin/_processed_/2/9/csm_1002781_REDUCTIONS_R30_JUL19_01_1x1_716938a_RET_00ccd24e21.jpg,Pantry
Vittoria Expressi Compatible Espresso Coffee Capsules,10pk,$4.19,https://www.aldi.com.au/fileadmin/_processed_/7/3/csm_1002781_REDUCTIONS_R29_JUL17_25_1x1_13a_RET_72b07522bb.jpg,Pantry
Allen's Party Mix or Frogs Alive,280g,$4.49,https://www.aldi.com.au/fileadmin/_processed_/b/c/csm_1002781_REDUCTIONS_R28_01_1x1_1a_RET_d94d3cccb8.jpg,Snacks & Confectionery
Allen's Snakes Alive or Killer Pythons,287g-288g,$4.49,https://www.aldi.com.au/fileadmin/_processed_/e/0/csm_1002781_REDUCTIONS_R24_01_1x1_1a_RET_c7d279e1e7.jpg,Snacks & Confectionery
White Mill Desiccated Coconut,500g,$2.69,https://www.aldi.com.au/fileadmin/_processed_/4/b/csm_1002781_REDUCTIONS_R23_05_1x1_3a_RET_f8e493b1f1.jpg,Fruit & Veg
White Mill Shredded Coconut,375g,$2.59,https://www.aldi.com.au/fileadmin/_processed_/6/b/csm_1002781_REDUCTIONS_R23_07_1x1_4a_RET_d25cc2b610.jpg,Fruit & Veg
Goldenvale Bran & Sultanas,580g,$3.99,https://www.aldi.com.au/fileadmin/_processed_/4/6/csm_1002781_REDUCTIONS_R02_1x1_228x128_1_RET_91870e81f3.png,Lunch Box
Pure Vita Sunflower Oil,1L,$4.49,https://www.aldi.com.au/fileadmin/_processed_/3/e/csm_1002153_REDUCTIONS_R26_1x1_228x128_2_RET_d9c7ce8310.png,Pantry
Pure Vita Blended Vegetable Oil,2L,$6.69,https://www.aldi.com.au/fileadmin/_processed_/8/7/csm_1002781_REDUCTIONS_R10_1x1_228x128_5_9271a4ec5d.png,Pantry
Pure Vita Canola Oil,2L,$6.69,https://www.aldi.com.au/fileadmin/_processed_/f/c/csm_1002781_REDUCTIONS_R07_1x1_228x128_RET_94687ddb80.png,Pantry
New Season Red Kidney Beans,420g,95c,https://www.aldi.com.au/fileadmin/_processed_/0/1/csm_1002781_REDUCTIONS_R12_1x1_228x128_1_RET_270630edaf.png,Fruit & Veg
New Season Lentils or Cannellini Beans,415g/420g,95c,https://www.aldi.com.au/fileadmin/_processed_/2/6/csm_1002781_REDUCTIONS_R12_1x1_228x128_2_RET_d901612268.png,Fruit & Veg
New Season Chickpeas,420g,95c,https://www.aldi.com.au/fileadmin/_processed_/d/5/csm_1002781_REDUCTIONS_R12_1x1_228x128_3_RET_28d7c56169.png,Fruit & Veg
New Season 4 Bean Mix,420g,95c,https://www.aldi.com.au/fileadmin/_processed_/6/4/csm_1002781_REDUCTIONS_R12_1x1_228x128_4_RET_83c729feff.png,Fruit & Veg
El Tora Black Beans,420g,95c,https://www.aldi.com.au/fileadmin/_processed_/0/2/csm_1002781_REDUCTIONS_R12_1x1_228x128_6_RET_5b7c3da134.png,Fruit & Veg
Portview Tuna Chunks,185g,$1.69,https://www.aldi.com.au/fileadmin/_processed_/b/3/csm_1002781_REDUCTIONS_R15_01_1x1_827249a_RET_b89da663a9.jpg,"Poultry, Meat & Seafood"
Sweet Vine Sweetened Dried Mango Slices,130g/170g,$3.69,https://www.aldi.com.au/fileadmin/_processed_/9/9/csm_1002781_REDUCTIONS_R17_1a_RET_ff4e23ee64.jpg,Fruit & Veg
Goldenvale Paleo Granola,300g,$6.79,https://www.aldi.com.au/fileadmin/_processed_/d/b/csm_1002781_REDUCTIONS_R16_13_1x1_709366a_RET_44ded2a004.jpg,Pantry
Kellogg's Flakes with Fruit & Nut,380g,$3.99,https://www.aldi.com.au/fileadmin/_processed_/c/2/csm_1002781_REDUCTIONS_R19_05_1x1_714345a_RET_9be6e886eb.jpg,Pantry
Kellogg's Flakes with Honey,380g,$3.99,https://www.aldi.com.au/fileadmin/_processed_/1/9/csm_1002781_REDUCTIONS_R19_07_1x1_714346a_RET_b879b5c65a.jpg,Pantry
Bakers Life Lower Carb Wraps,210g,$3.69,https://www.aldi.com.au/fileadmin/_processed_/d/2/csm_1002781_REDUCTIONS_R39_SEP11_11_6a_RET_9b85aad33a.jpg,Deli & Chilled Meals
Bakers Life Lower Carb Higher Protein Bread,600g,$4.79,https://www.aldi.com.au/fileadmin/_processed_/c/b/csm_1002781_REDUCTIONS_R28_36_1x1_13a_RET_R_3e49716ccb.jpg,Bakery
Bakers Life Mini White or Wholegrain Wraps,8pk/360g,$2.19,https://www.aldi.com.au/fileadmin/_processed_/6/f/csm_1002781_REDUCTIONS_R06_1x1_228x128_1_RET_c0641e0927.png,Deli & Chilled Meals
The Cake Stall Baby Cakes,300g,$3.29,https://www.aldi.com.au/fileadmin/_processed_/9/d/csm_1002781_REDUCTIONS_R44_OCT28_9_5a_RET_b0a7404f48.jpg,Bakery
The Cake Stall Date and Walnut Loaf,450g,$3.69,https://www.aldi.com.au/fileadmin/_processed_/1/4/csm_1002781_REDUCTIONS_R44_OCT28_13_6a_RET_147176bc7e.jpg,Bakery
Mamia Unisex Night Pants,10pk/9pk,$10.99,https://www.aldi.com.au/fileadmin/_processed_/8/6/csm_1002781_REDUCTIONS_R41_SEP24_17_6a_RET_9a56a5cd05.jpg,Miscellaneous
Mamia Fruit & Oat Bars,90g,$2.59,https://www.aldi.com.au/fileadmin/_processed_/a/a/csm_1002781_REDUCTIONS_R29_JUL10_01_1x1_1a_RET_76febe085b.jpg,Miscellaneous
Mamia Unisex Nappy Pants - Walker,,$9.99,https://www.aldi.com.au/fileadmin/_processed_/8/c/csm_1002781_REDUCTIONS_R29_JUL10_05_1x1_2a_RET_16cc65fc90.jpg,Miscellaneous
Mamia Unisex Nappy Pants - Junior,,$9.99,https://www.aldi.com.au/fileadmin/_processed_/9/2/csm_1002781_REDUCTIONS_R29_JUL10_07_1x1_3a_RET_2d12b31b02.jpg,Miscellaneous
Mamia Baby Water Wipes,80pk,$2.49,https://www.aldi.com.au/fileadmin/_processed_/3/2/csm_1002781_REDUCTIONS_R29_JUL10_09_1x1_4a_RET_f36bf709c1.jpg,Miscellaneous
Blackstone Paddock Barossa Valley Shiraz,750ml,$17.99,https://www.aldi.com.au/fileadmin/_processed_/8/0/csm_1002781_REDUCTIONS_R26_01_1x1_1a_RET_976cf1449d.jpg,Miscellaneous
Tricare Antibacterial Foaming Hand Wash,250ml,$2.39,https://www.aldi.com.au/fileadmin/_processed_/8/c/csm_1002781_REDUCTIONS_R45_NOV11_13_3a_RET_3d5e9ffe76.jpg,Miscellaneous
Essential Health Electrolyte,,$6.89,https://www.aldi.com.au/fileadmin/_processed_/c/3/csm_1002781_REDUCTIONS_R43_OCT11_1_1a_RET_4ed2845729.jpg,Miscellaneous
LACURA® Essentials Make Up Cotton Rounds,80pk,$1.29,https://www.aldi.com.au/fileadmin/_processed_/d/0/csm_1002781_REDUCTIONS_R40_SEP19_9_5a_RET_0ab7145148.jpg,Miscellaneous
Essential Health Vitamins Glucosamine,60pk,$7.99,https://www.aldi.com.au/fileadmin/_processed_/8/1/csm_1002153_REDUCTIONS_R58_1x1_228x128_5_RET_6d6a1e02bc.png,Miscellaneous
So Femme Ultra Thin Pads,14pk/12pk/10pk,$1.79,https://www.aldi.com.au/fileadmin/_processed_/4/7/csm_1002153_REDUCTIONS_R59_1x1_228x128_1_RET_b6ebc9136d.png,Miscellaneous
So Femme Boxed Liners,48pk/30pk,$1.89,https://www.aldi.com.au/fileadmin/_processed_/7/5/csm_1002153_REDUCTIONS_R59_1x1_228x128_2_RET_812ed1675d.png,Miscellaneous
Tricare ®  Family Soap,8pk,$4.19,https://www.aldi.com.au/fileadmin/_processed_/f/5/csm_1002781_REDUCTIONS_R37_SEP02_11_1x1_7a_RET_6fae3a58f5.jpg,Miscellaneous
Prince Maximum 3 Blade Disposable Razors,8pk,$4.69,https://www.aldi.com.au/fileadmin/_processed_/3/6/csm_1002781_REDUCTIONS_R37_SEP02_13_1x1_8a_RET_cce442799e.jpg,Miscellaneous
Almat Laundry Liquid Concentrate,4L,$9.99,https://www.aldi.com.au/fileadmin/_processed_/a/e/csm_1002781_REDUCTIONS_R46_13_3a_RET_5f6b7204f4.jpg,Miscellaneous
Di San Laundry Sanitiser,1L,$4.19,https://www.aldi.com.au/fileadmin/_processed_/a/6/csm_1002781_REDUCTIONS_R46_19_4a_RET_169e483412.jpg,Miscellaneous
Power Force Pro Household Wipes,50pk,$1.99,https://www.aldi.com.au/fileadmin/_processed_/5/4/csm_1002781_REDUCTIONS_R46_25_5a_RET_62572a52c7.jpg,Miscellaneous
Purewick Air Freshener Automatic Refill,185g,$3.99,https://www.aldi.com.au/fileadmin/_processed_/1/0/csm_1002781_REDUCTIONS_R46_31_6a_RET_5b9949c0cf.jpg,Miscellaneous
Goliath Snack Bags,65pk,$1.79,https://www.aldi.com.au/fileadmin/_processed_/4/b/csm_1002781_REDUCTIONS_R45_NOV11_19_4a_RET_362badef0f.jpg,Miscellaneous
Activ Energy AA Alkaline Batteries,10pk,$4.99,https://www.aldi.com.au/fileadmin/_processed_/d/e/csm_1002781_REDUCTIONS_R44_OCT28_1_1a_RET_453a0df08c.jpg,Miscellaneous
Activ Energy AAA Alkaline Batteries,14pk,$5.99,https://www.aldi.com.au/fileadmin/_processed_/5/0/csm_1002781_REDUCTIONS_R44_OCT28_3_2a_RET_63f4f81f48.jpg,Miscellaneous
Di San Pro Laundry Soaker & In Wash Booster,,$3.49,https://www.aldi.com.au/fileadmin/_processed_/0/9/csm_1002781_REDUCTIONS_R42_OCT3_19_4a_RET_b871805677.jpg,Miscellaneous
Purewick Scented Candle,130g,$2.89,https://www.aldi.com.au/fileadmin/_processed_/e/b/csm_1002781_REDUCTIONS_R41_SEP24_10_4a_RET_8971412c1a.jpg,Miscellaneous
Power Force Pro Liquid Bleach Premium 2.,5L,$2.09,https://www.aldi.com.au/fileadmin/_processed_/d/4/csm_1002781_REDUCTIONS_R37_SEP02_09_1x1_6a_RET_c1fe67a64b.jpg,Miscellaneous
Green Action Multi Purpose Bath & Shower Cleaner,600ml,$2.79,https://www.aldi.com.au/fileadmin/_processed_/2/a/csm_1002781_REDUCTIONS_R33_JULY31_01_1x1_1a_RET_0f76cc46aa.jpg,Miscellaneous
Goliath Slider Bags Large,25pk,$2.59,https://www.aldi.com.au/fileadmin/_processed_/6/2/csm_1002781_REDUCTIONS_R31_JULY25_05_1x1_2a_RET_628b7cad9f.jpg,Miscellaneous
Goliath Aluminium Foil 30m,,$3.99,https://www.aldi.com.au/fileadmin/_processed_/6/9/csm_1002781_REDUCTIONS_R31_JULY25_07_1x1_3a_RET_9075f698b0.jpg,Pantry
Goliath Garbage Bag Handle Tie,20pk,$2.79,https://www.aldi.com.au/fileadmin/_processed_/7/b/csm_1002781_REDUCTIONS_R29_JUL10_11_1x1_5a_RET_3c796b4e4f.jpg,Miscellaneous
Di San Pre Wash Stain Remover,750ml,$2.09,https://www.aldi.com.au/fileadmin/_processed_/4/0/csm_1002781_REDUCTIONS_R22_07_1x1_4a_RET_00b377ff85.jpg,Miscellaneous
San-I-Pet Cat Litter Crystals,2kg,$9.59,https://www.aldi.com.au/fileadmin/_processed_/c/6/csm_1002781_REDUCTIONS_R42_OCT3_7_2a_RET_9e13a8ad27.jpg,Miscellaneous
Julius Treatz Den-Twist Chews -,7pk,$2.89,https://www.aldi.com.au/fileadmin/_processed_/6/0/csm_1002781_REDUCTIONS_R41_SEP24_14_5a_RET_e839db6d10.jpg,Miscellaneous
Silvester's Cat Food Pouches Beef Selection in Gravy 12 x,85g,$5.49,https://www.aldi.com.au/fileadmin/_processed_/5/2/csm_1002781_REDUCTIONS_R36_AUG20_01_1x1_1a_RET_23b26a1bac.jpg,"Poultry, Meat & Seafood"
Silvester's Cat Food Pouches Mixed Selection in Jelly 12 x,85g,$5.49,https://www.aldi.com.au/fileadmin/_processed_/0/c/csm_1002781_REDUCTIONS_R36_AUG20_03_1x1_2a_RET_8830e25951.jpg,Miscellaneous
Julius Chunky Pet Mince,3kg,$14.49,https://www.aldi.com.au/fileadmin/_processed_/c/f/csm_1002781_REDUCTIONS_R36_AUG20_05_1x1_3a_RET_1954b4c0d4.jpg,Miscellaneous
Natural Elements Pet Nutrition Chicken with Vegetables and Rice,700g,$2.39,https://www.aldi.com.au/fileadmin/_processed_/a/c/csm_1002781_REDUCTIONS_R34_AUG2_01_1x1_1a_RET_R_7c572f07f5.jpg,Miscellaneous
"Natural Elements Pet Nutrition Loaf with Kangaroo, Rice & Vegetables",700g,$2.39,https://www.aldi.com.au/fileadmin/_processed_/b/c/csm_1002781_REDUCTIONS_R34_AUG2_03_1x1_2a_RET_ae8fa0c955.jpg,Miscellaneous
Whiskas Cat Food,380g,$1.99,https://www.aldi.com.au/fileadmin/_processed_/9/1/csm_1002781_REDUCTIONS_R31_JULY25_01_1x1_1a_RET_b92847a117.jpg,Miscellaneous
Julius Dog Food Casserole with Beef & Gravy 1.,2kg,$3.19,https://www.aldi.com.au/fileadmin/_processed_/f/7/csm_1002781_REDUCTIONS_R27_5_RET_dc9fd7dfd7.png,Miscellaneous
"Julius Dog Food Homestyle with Lamb, Pasta & Vegetables 1.",2kg,$3.19,https://www.aldi.com.au/fileadmin/_processed_/b/4/csm_1002781_REDUCTIONS_R28_06_1x1_3a_RET_R_0ed325c8f1.jpg,Miscellaneous
Julius Gold Premium Dog Food Meaty Beef Loaf Style,100g,89c,https://www.aldi.com.au/fileadmin/_processed_/7/6/csm_1002781_REDUCTIONS_R13_1x1_228x128_3_RET_02cfacad1f.png,Miscellaneous
Julius Gold Premium Dog Food Meaty Chicken Loaf Style,100g,89c,https://www.aldi.com.au/fileadmin/_processed_/e/f/csm_1002781_REDUCTIONS_R13_1x1_228x128_4_RET_f20ab3864c.png,Miscellaneous
Julius Gold Premium Dog Food Meaty Lamb Loaf Style,100g,89c,https://www.aldi.com.au/fileadmin/_processed_/6/8/csm_1002781_REDUCTIONS_R13_1x1_228x128_5_RET_95335a01b7.png,Miscellaneous
Julius Gold Premium Dog Food Meaty Kangaroo Loaf Style,100g,89c,https://www.aldi.com.au/fileadmin/_processed_/6/2/csm_1002781_REDUCTIONS_R13_1x1_228x128_6_RET_82b6f9b86d.png,Miscellaneous
Julius Gold Premium Puppy Food,100g,89c,https://www.aldi.com.au/fileadmin/_processed_/f/4/csm_1002781_REDUCTIONS_R13_1x1_228x128_7_RET_c7f0dbce70.png,Miscellaneous
"Julius Dog Food Homestyle with Lamb, Pasta & Vegetables",700g,$2.29,https://www.aldi.com.au/fileadmin/_processed_/9/9/csm_1002781_REDUCTIONS_R28_04_1x1_2a_RET_R_34003f6430.jpg,Miscellaneous
Silvesters Cat Food Meat Varieties,400g,$1.49,https://www.aldi.com.au/fileadmin/_processed_/b/a/csm_1002781_REDUCTIONS_R28_28_1x1_11a_RET_0b1ce4ac46.jpg,Miscellaneous
Silvesters Cat Food Fish Varieties,400g,$1.49,https://www.aldi.com.au/fileadmin/_processed_/4/7/csm_1002781_REDUCTIONS_R28_32_1x1_12a_RET_9c1f6920dc.jpg,"Poultry, Meat & Seafood"
Julius Dog Food Casserole with Beef & Gravy,700g,$2.29,https://www.aldi.com.au/fileadmin/_processed_/4/1/csm_1002781_REDUCTIONS_R27_4_RET_ca93609c5b.png,Miscellaneous
Julius Dry Dog Food Beef and Vegetable,8kg,$17.49,https://www.aldi.com.au/fileadmin/_processed_/6/4/csm_1002781_REDUCTIONS_R32_JULY29_01_1x1_1a_RET_b99ccdddb5.jpg,Miscellaneous
Supercoat Dry Dog Food,6kg,$24.99,https://www.aldi.com.au/fileadmin/_processed_/a/1/csm_1002153_REDUCTIONS_R46_1x1_228x128_4_RET_f60abc932d.png,Miscellaneous
